bookID,title,authors,average_rating,isbn,isbn13,language_code,# num_pages,ratings_count,text_reviews_count
3,Harry Potter and the Sorcerer's Stone (Harry Potter  #1),J.K. Rowling-Mary GrandPré,4.47,0439554934,9780439554930,eng,320,5629932,70390
41865,Twilight (Twilight  #1),Stephenie Meyer,3.59,0316015849,9780316015844,eng,498,4367341,93619
5907,The Hobbit or There and Back Again,J.R.R. Tolkien,4.26,0618260307,9780618260300,eng,366,2364968,31664
5107,The Catcher in the Rye,J.D. Salinger,3.8,0316769177,9780316769174,eng,277,2318478,42016
960,Angels & Demons (Robert Langdon  #1),Dan Brown,3.88,1416524797,9781416524793,eng,736,2279854,20851
5,Harry Potter and the Prisoner of Azkaban (Harry Potter  #3),J.K. Rowling-Mary GrandPré,4.55,043965548X,9780439655484,eng,435,2149872,33964
15881,Harry Potter and the Chamber of Secrets (Harry Potter  #2),J.K. Rowling-Mary GrandPré,4.41,0439064864,9780439064866,eng,341,2115562,32694
7613,Animal Farm,George Orwell,3.91,0452284244,9780452284241,eng,122,2102616,29469
34,The Fellowship of the Ring (The Lord of the Rings  #1),J.R.R. Tolkien,4.35,0618346252,9780618346257,eng,398,2009749,12784
2,Harry Potter and the Order of the Phoenix (Harry Potter  #5),J.K. Rowling-Mary GrandPré,4.49,0439358078,9780439358071,eng,870,1996446,27613
1,Harry Potter and the Half-Blood Prince (Harry Potter  #6),J.K. Rowling-Mary GrandPré,4.56,0439785960,9780439785969,eng,652,1944099,26249
7624,Lord of the Flies,William Golding,3.67,0140283331,9780140283334,eng,182,1861140,24622
18135,Romeo and Juliet,William Shakespeare-Paul Werstine-Barbara A. Mowat,3.74,0743477111,9780743477116,eng,283,1811259,14102
890,Of Mice and Men,John Steinbeck,3.86,0142000671,9780142000670,eng,112,1654353,23959
28187,The Lightning Thief (Percy Jackson and the Olympians  #1),Rick Riordan,4.24,0786838655,9780786838653,eng,377,1645445,45829
13496,A Game of Thrones (A Song of Ice and Fire  #1),George R.R. Martin,4.45,0553588486,9780553588484,eng,848,1598396,37379
865,The Alchemist,Paulo Coelho-Alan R. Clarke-Özdemir İnce,3.85,0061122416,9780061122415,eng,197,1592632,54668
968,The Da Vinci Code (Robert Langdon  #2),Dan Brown,3.82,0307277674,9780307277671,eng,489,1588890,35316
3636,The Giver,Lois Lowry,4.12,0385732554,9780385732550,eng,208,1464909,54469
19063,The Book Thief,Markus Zusak,4.37,0375831002,9780375831003,eng,552,1410666,84237
1934,Little Women,Louisa May Alcott,4.06,0451529308,9780451529305,eng,449,1402458,15525
10210,Jane Eyre,Charlotte Brontë-Michael Mason-João Gaspar Rodrigues-Mécia,4.11,0142437204,9780142437209,eng,532,1328143,26386
19501,Eat  Pray  Love,Elizabeth Gilbert,3.54,0143038419,9780143038412,eng,368,1309623,47291
930,Memoirs of a Geisha,Arthur Golden,4.1,0739326228,9780739326220,eng,434,1301305,19452
24178,Charlotte's Web,E.B. White-Garth Williams-Rosemary Wells,4.16,0064410935,9780064410939,eng,184,1229902,13915
43641,Water for Elephants,Sara Gruen,4.08,1565125606,9781565125605,eng,335,1198632,52449
5129,Brave New World,Aldous Huxley-Felisberto Albuquerque,3.98,0060929871,9780060929879,eng,288,1173739,18665
30119,Where the Sidewalk Ends,Shel Silverstein,4.3,0060513039,9780060513030,eng,176,1094416,9754
15931,The Notebook (The Notebook  #1),Nicholas Sparks,4.08,0553816713,9780553816716,eng,214,1090301,15327
6185,Wuthering Heights,Emily Brontë-Richard J. Dunn-David Timson-Charlotte Brontë-Ruth Golding-Robert Heindel,3.84,0393978893,9780393978896,eng,464,1041597,20192
2956,The Adventures of Huckleberry Finn,Mark Twain-Guy Cardwell-John Seelye,3.81,0142437174,9780142437179,eng,327,1022438,11005
37435,The Secret Life of Bees,Sue Monk Kidd,4.04,0142001740,9780142001745,eng,302,1007862,25677
1618,The Curious Incident of the Dog in the Night-Time,Mark Haddon,3.87,1400032717,9781400032716,eng,226,991627,34202
18405,Gone with the Wind,Margaret Mitchell,4.29,0446675539,9780446675536,eng,1037,964231,14834
4981,Slaughterhouse-Five,Kurt Vonnegut,4.07,0385333846,9780385333849,eng,275,951021,17985
10917,My Sister's Keeper,Jodi Picoult,4.07,0743454537,9780743454537,eng,423,950402,29367
38447,The Handmaid's Tale,Margaret Atwood,4.09,038549081X,9780385490818,eng,344,932832,42096
11588,The Shining (The Shining  #1),Stephen King,4.21,0450040186,9780450040184,eng,447,911271,13460
38709,Holes (Holes  #1),Louis Sachar,3.95,0439244196,9780439244190,eng,233,844072,16773
1617,Night (The Night Trilogy  #1),Elie Wiesel-Marion Wiesel-François Mauriac,4.32,0374500010,9780374500016,eng,115,834287,24227
18490,Frankenstein,Mary Wollstonecraft Shelley-Percy Bysshe Shelley-Maurice Hindle,3.78,0141439475,9780141439471,eng,335,827747,14441
1845,Into the Wild,Jon Krakauer,3.97,0385486804,9780385486804,eng,207,754275,17497
7445,The Glass Castle,Jeannette Walls,4.26,074324754X,9780743247542,eng,288,752358,44620
14050,The Time Traveler's Wife,Audrey Niffenegger,3.96,0965818675,9780965818674,eng,528,747578,31284
1381,The Odyssey,Homer-Robert Fagles-Bernard Knox,3.75,0143039954,9780143039952,eng,541,730272,6249
2998,The Secret Garden,Frances Hodgson Burnett,4.13,0517189607,9780517189603,eng,331,725384,11113
17245,Dracula,Bram Stoker-Nina Auerbach-Kara Shallenberg-David J. Skal,3.99,0393970124,9780393970128,eng,488,724147,13699
5139,The Devil Wears Prada (The Devil Wears Prada  #1),Lauren Weisberger,3.73,0307275558,9780307275554,eng,432,723487,7081
19543,Where the Wild Things Are,Maurice Sendak,4.22,0099408392,9780099408390,eng,37,713336,9878
5297,The Picture of Dorian Gray,Oscar Wilde-Jeffrey Eugenides,4.07,0375751513,9780375751516,eng,367,705175,15856
1953,A Tale of Two Cities,Charles Dickens-Richard Maxwell-Saniye Güven-Sevil İnan Sönmez,3.83,0141439602,9780141439600,eng,489,693045,11614
4381,Fahrenheit 451,Ray Bradbury-Alfredo Crespo,3.98,0307347974,9780307347978,spa,175,690801,14489
21787,The Princess Bride,William Goldman,4.26,0345418263,9780345418265,eng,398,673146,13252
18131,A Wrinkle in Time (Time Quintet  #1),Madeleine L'Engle,4.01,0440498058,9780440498056,eng,211,665242,18499
6900,Tuesdays with Morrie,Mitch Albom-Saulius Dagys,4.09,0751529818,9780751529814,eng,210,651567,19368
24583,The Adventures of Tom Sawyer,Mark Twain-Guy Cardwell-John Seelye,3.91,0143039563,9780143039563,eng,244,633683,6439
2165,The Old Man and the Sea,Ernest Hemingway,3.76,0684830493,9780684830490,eng,132,628067,14689
10964,Outlander (Outlander  #1),Diana Gabaldon,4.22,0440242940,9780440242949,eng,850,627194,33535
7126,The Count of Monte Cristo,Alexandre Dumas-Robin Buss,4.24,0140449264,9780140449266,eng,1276,619412,13536
10572,A Clash of Kings  (A Song of Ice and Fire  #2),George R.R. Martin-Lauren Cannon,4.41,0553381695,9780553381696,eng,969,599010,15978
28186,The Sea of Monsters (Percy Jackson and the Olympians  #2),Rick Riordan,4.24,0786856866,9780786856862,eng,279,594249,18942
7244,The Poisonwood Bible,Barbara Kingsolver,4.05,0060786507,9780060786502,eng,546,591393,19312
2612,The Tipping Point: How Little Things Can Make a Big Difference,Malcolm Gladwell,3.95,0316346624,9780316346627,eng,301,589855,11431
1202,Freakonomics: A Rogue Economist Explores the Hidden Side of Everything,Steven D. Levitt-Stephen J. Dubner,3.96,0061234001,9780061234002,eng,320,589427,12648
8127,Anne of Green Gables (Anne of Green Gables  #1),L.M. Montgomery,4.24,0451528824,9780451528827,eng,320,583568,12837
12296,The Scarlet Letter,Nathaniel Hawthorne-Thomas E. Connolly-Nina Baym,3.39,0142437263,9780142437261,eng,279,579306,10008
9416,Confessions of a Shopaholic (Shopaholic  #1),Sophie Kinsella,3.63,0440241413,9780440241416,eng,368,578094,9893
1420,Hamlet,William Shakespeare-Harold Bloom-Rex Gibson,4.01,0521618746,9780521618748,eng,289,577429,6702
6288,The Road,Cormac McCarthy,3.96,0307265439,9780307265432,eng,241,574745,33304
8852,Macbeth,William Shakespeare-Linda Alchin-Antoni Cimolino-Shelagh O'Brien,3.89,0743477103,9780743477109,eng,246,560816,7311
24280,Les Misérables,Victor Hugo-Lee Fahnestock-Norman MacAfee,4.16,0451525264,9780451525260,eng,1463,559595,9943
16299,And Then There Were None,Agatha Christie,4.25,0312330871,9780312330873,eng,264,558832,16793
3473,A Walk to Remember,Nicholas Sparks,4.16,0446693804,9780446693806,eng,240,555926,10210
15241,The Two Towers (The Lord of the Rings  #2),J.R.R. Tolkien-Peter S. Beagle,4.44,0618346260,9780618346264,eng,322,553315,5462
7763,The Joy Luck Club,Amy Tan,3.91,0143038095,9780143038092,eng,288,550264,6807
320,One Hundred Years of Solitude,Gabriel García Márquez-Gregory Rabassa,4.06,0060531045,9780060531041,eng,417,547207,15763
4137,Me Talk Pretty One Day,David Sedaris,3.98,0349113912,9780349113913,eng,272,546269,14115
23772,Green Eggs and Ham,Dr. Seuss,4.3,0394800168,9780394800165,eng,62,539202,8276
2865,Girl with a Pearl Earring,Tracy Chevalier,3.87,0452287022,9780452287020,eng,233,537907,6627
18512,The Return of the King (The Lord of the Rings  #3),J.R.R. Tolkien,4.52,0345339738,9780345339737,eng,490,532629,5346
5043,The Pillars of the Earth (Kingsbridge  #1),Ken Follett,4.31,0451207149,9780451207142,eng,973,530446,24934
37442,Wicked: The Life and Times of the Wicked Witch of the West (The Wicked Years  #1),Gregory Maguire-Douglas Smith,3.53,0060987103,9780060987107,eng,406,526173,20994
2187,Middlesex,Jeffrey Eugenides,3.99,0312422156,9780312422158,eng,529,526111,19312
6310,Charlie and the Chocolate Factory,Roald Dahl-Quentin Blake,4.12,0142403881,9780142403884,eng,176,524487,6804
2623,Great Expectations,Charles Dickens-Marisa Sestino,3.76,0192833596,9780192833594,eng,505,523790,10337
5358,The Firm,John Grisham-Robin Waterfield,4.0,0582418275,9780582418271,eng,76,522946,3346
10441,The Memory Keeper's Daughter,Kim Edwards,3.65,0143037145,9780143037149,eng,401,519878,17366
6969,Emma,Jane Austen-Fiona Stafford,3.99,0141439580,9780141439587,eng,474,519245,10321
976,Deception Point,Dan Brown,3.7,0671027387,9780671027384,eng,556,511233,6870
24770,Uglies (Uglies  #1),Scott Westerfeld,3.86,0689865384,9780689865381,eng,425,498455,20423
39988,Matilda,Roald Dahl-Quentin Blake,4.3,0141301066,9780141301068,eng,240,495454,10789
3431,The Five People You Meet in Heaven,Mitch Albom,3.92,1401308589,9781401308582,eng,196,494652,15885
13497,A Feast for Crows (A Song of Ice and Fire  #4),George R.R. Martin,4.13,055358202X,9780553582024,eng,1061,491147,16606
5526,Dear John,Nicholas Sparks,4.03,0446528056,9780446528054,eng,276,485405,9539
6514,The Bell Jar,Sylvia Plath,3.99,0061148512,9780061148514,eng,294,459610,14073
4989,The Red Tent,Anita Diamant,4.17,0312353766,9780312353766,eng,336,453899,15578
7677,Jurassic Park (Jurassic Park  #1),Michael Crichton,4.01,030734813X,9780307348135,spa,480,452245,3617
7144,Crime and Punishment,Fyodor Dostoyevsky-David McDuff,4.2,0143058142,9780143058144,eng,671,450705,9501
42156,Something Borrowed (Darcy & Rachel  #1),Emily Giffin,3.84,031232118X,9780312321185,eng,322,439930,7331
6853,One for the Money (Stephanie Plum  #1),Janet Evanovich,4.04,0312362080,9780312362089,eng,320,433568,12335
11486,The Color Purple,Alice Walker,4.19,0671727796,9780671727796,eng,295,425928,9038
11127,The Chronicles of Narnia (Chronicles of Narnia  #1-7),C.S. Lewis-Pauline Baynes,4.26,0066238501,9780066238500,eng,767,425445,7931
2156,Persuasion,Jane Austen-James Kinsley-Maurgaux Motin-Deidre Shauna Lynch,4.13,0192802631,9780192802637,eng,249,421344,10674
43763,Interview with the Vampire (The Vampire Chronicles  #1),Anne Rice,3.99,0345476875,9780345476876,eng,342,415274,7058
40102,Blink: The Power of Thinking Without Thinking,Malcolm Gladwell,3.92,0316010669,9780316010665,eng,296,410968,12402
37470,The Other Boleyn Girl (The Plantagenet and Tudor Novels  #9),Philippa Gregory,4.05,0743227441,9780743227445,eng,661,408775,14447
12691,Marley and Me: Life and Love With the World's Worst Dog,John Grogan,4.13,0739461192,9780739461198,eng,291,406585,12100
10614,Misery,Stephen King,4.14,0450417395,9780450417399,eng,370,397285,6090
21996,The Devil in the White City: Murder  Magic  and Madness at the Fair That Changed America,Erik Larson-Tony Goldwyn,3.99,0739303406,9780739303405,eng,447,390272,22826
30183,Marked (House of Night  #1),P.C. Cast-Kristin Cast,3.8,0312360266,9780312360269,eng,306,388266,12549
23807,The Silence of the Lambs  (Hannibal Lecter  #2),Thomas  Harris,4.18,0099446782,9780099446781,eng,338,387742,3464
36072,The 7 Habits of Highly Effective People: Powerful Lessons in Personal Change,Stephen R. Covey-Jim Collins,4.09,0743269519,9780743269513,eng,372,387431,6364
5759,Fight Club,Chuck Palahniuk,4.2,0393327345,9780393327342,eng,218,384407,9618
4407,American Gods (American Gods  #1),Neil Gaiman,4.11,0747263744,9780747263746,eng,635,382229,15978
47281,Number the Stars,Lois Lowry,4.13,0440227534,9780440227533,eng,137,379669,10983
6867,Atonement,Ian McEwan,3.89,038572179X,9780385721790,eng,351,379336,13316
17061,Coraline,Neil Gaiman,4.05,0061139378,9780061139376,eng,162,377685,12114
12067,Good Omens: The Nice and Accurate Prophecies of Agnes Nutter  Witch,Terry Pratchett-Neil Gaiman,4.25,0060853980,9780060853983,eng,412,373135,14874
1622,A Midsummer Night's Dream,William Shakespeare-Barbara A. Mowat-Paul Werstine-Catherine Belsey,3.94,0743477545,9780743477543,eng,298,371813,5196
24213,Alice's Adventures in Wonderland & Through the Looking-Glass,Lewis Carroll-John Tenniel-Martin Gardner,4.07,0451527747,9780451527745,eng,239,367499,5859
2839,Bridge to Terabithia,Katherine Paterson,3.99,0439366771,9780439366779,eng,128,362535,8360
4406,East of Eden,John Steinbeck,4.37,0142000655,9780142000656,eng,601,358668,14740
24337,Ella Enchanted (Ella Enchanted #1),Gail Carson Levine,3.98,0590920685,9780590920681,eng,232,357867,8508
13023,Alice in Wonderland,Jane Carruth-Rene Cloke-Lewis Carroll,4.03,0517223627,9780517223628,eng,92,357330,5104
6334,Never Let Me Go,Kazuo Ishiguro,3.81,1400078776,9781400078776,eng,288,354599,21596
7869,The Bourne Identity (Jason Bourne  #1),Robert Ludlum,4.0,0752864327,9780752864327,eng,566,354289,3437
13145,Along Came a Spider (Alex Cross  #1),James Patterson,4.1,0446692638,9780446692632,eng,449,354100,3775
5359,The Client,John Grisham,3.99,0385339089,9780385339087,eng,483,351882,1887
8908,World War Z: An Oral History of the Zombie War,Max Brooks,4.01,0307346609,9780307346605,eng,342,350060,20137
4948,The Very Hungry Caterpillar,Eric Carle,4.29,0241003008,9780241003008,eng,26,340101,6313
30118,A Light in the Attic,Shel Silverstein,4.34,0060513063,9780060513061,eng,176,337019,2473
18373,Flowers for Algernon,Daniel Keyes,4.11,0156030306,9780156030304,eng,311,332849,9827
29579,Foundation (Foundation #1),Isaac Asimov,4.16,0553803719,9780553803716,eng,244,330996,6109
1898,Into Thin Air: A Personal Account of the Mount Everest Disaster,Jon Krakauer,4.15,0385494785,9780385494786,eng,368,327791,11023
14891,A Tree Grows in Brooklyn,Betty  Smith,4.26,0061120073,9780061120077,eng,496,326733,15400
13214,I Know Why the Caged Bird Sings,Maya Angelou,4.22,0553279378,9780553279375,eng,289,326424,6783
4588,Extremely Loud and Incredibly Close,Jonathan Safran Foer,3.98,0618711651,9780618711659,eng,326,325230,19025
14497,Neverwhere (London Below  #1),Neil Gaiman,4.18,0060557818,9780060557812,eng,370,323601,14372
32499,The Pelican Brief,John Grisham-Джон Гришэм,3.98,0385339704,9780385339704,eng,400,323142,1844
2493,The Time Machine,H.G. Wells-Greg Bear-Carlo Pagetti,3.88,0451528557,9780451528551,eng,118,320900,6353
33724,Can You Keep a Secret?,Sophie Kinsella,3.84,0440241901,9780440241904,eng,374,318669,8838
662,Atlas Shrugged,Ayn Rand-Leonard Peikoff,3.68,0452011876,9780452011878,eng,1168,311883,14267
9712,Love in the Time of Cholera,Gabriel García Márquez-Edith Grossman,3.9,140003468X,9781400034680,eng,348,310177,12732
28194,Inkheart,Cornelia Funke-Anthea Bell,3.87,0439709105,9780439709101,eng,563,309700,9147
6689,James and the Giant Peach,Roald Dahl-Quentin Blake,4.0,0375814248,9780375814242,eng,146,309497,4481
1232,The Shadow of the Wind (The Cemetery of Forgotten Books  #1),Carlos Ruiz Zafón-Lucia Graves,4.26,0143034901,9780143034902,eng,487,306069,21008
295,Treasure Island,Robert Louis Stevenson,3.83,0753453800,9780753453803,eng,311,301399,6160
4900,Heart of Darkness,Joseph Conrad,3.42,1892295490,9781892295491,eng,188,299880,7862
1103,Snow Flower and the Secret Fan,Lisa See,4.07,0812968069,9780812968064,eng,269,296789,14990
18342,It,Stephen King,4.23,0451169514,9780451169518,eng,1090,293877,6630
9791,A Walk in the Woods: Rediscovering America on the Appalachian Trail,Bill Bryson,4.06,0307279464,9780307279460,eng,397,291489,14358
6319,The BFG,Roald Dahl-Quentin Blake,4.22,0141311371,9780141311371,eng,199,291032,7057
13148,Kiss the Girls (Alex Cross  #2),James Patterson,3.95,0446677388,9780446677387,eng,481,290733,2837
4894,Who Moved My Cheese?,Spencer Johnson-Kenneth H. Blanchard,3.78,0091883768,9780091883768,eng,96,288074,7725
45978,Eldest (The Inheritance Cycle  #2),Christopher Paolini,3.98,0375840400,9780375840401,eng,704,281918,7707
5203,She's Come Undone,Wally Lamb,3.86,0671021001,9780671021009,eng,465,281643,8978
32234,White Oleander,Janet Fitch,3.96,0316182540,9780316182546,eng,446,277863,5894
6952,Like Water for Chocolate,Laura Esquivel-Thomas  Christensen-Carol Christensen,3.94,0552995878,9780552995870,eng,224,277087,4801
17250,The Crucible,Arthur  Miller-Christopher Bigsby,3.57,0142437336,9780142437339,eng,143,276008,5599
1371,The Iliad,Homer-Robert Fagles-Bernard Knox,3.85,0140275363,9780140275360,eng,683,275201,3218
11590,'Salem's Lot,Stephen King,4.01,0450031063,9780450031069,eng,483,266312,5513
16793,Stardust,Neil Gaiman,4.08,0061142026,9780061142024,eng,248,264799,11040
14748,Good in Bed (Cannie Shapiro  #1),Jennifer Weiner,3.71,0743418174,9780743418171,eng,376,264249,5346
2122,The Fountainhead,Ayn Rand-Leonard Peikoff,3.86,0451191153,9780451191151,eng,704,264209,9828
2203,John Adams,David McCullough,4.06,0743223136,9780743223133,eng,751,264047,5172
32929,Goodnight Moon,Margaret Wise Brown-Clement Hurd,4.27,0060775858,9780060775858,eng,32,264013,4733
6149,Beloved,Toni Morrison,3.81,1400033411,9781400033416,eng,324,263625,7840
14866,Nineteen Minutes,Jodi Picoult,4.12,0743496728,9780743496728,eng,440,262509,13166
12996,Othello,William Shakespeare,3.88,0743477553,9780743477550,eng,314,261813,3996
22232,Stargirl (Stargirl  #1),Jerry Spinelli,3.76,0439488400,9780439488402,eng,186,260685,12034
7745,Fear and Loathing in Las Vegas,Hunter S. Thompson-Ralph Steadman,4.08,0679785892,9780679785897,eng,204,259867,4897
13137,1st to Die (Women's Murder Club  #1),James Patterson,4.07,0446696617,9780446696616,eng,424,259028,4998
10583,Pet Sematary,Stephen King,3.96,1416524347,9781416524342,eng,576,256862,3697
1852,The Call of the Wild,Jack London,3.85,0439227143,9780439227148,eng,172,255627,6478
6327,The Witches,Roald Dahl-Quentin Blake,4.17,0590032496,9780590032490,eng,208,254867,4881
50,Hatchet,Gary Paulsen,3.7,0689840926,9780689840920,eng,208,254827,11346
42899,Dark Lover (Black Dagger Brotherhood  #1),J.R. Ward,4.2,0451216954,9780451216953,eng,393,250693,10152
4473,A Prayer for Owen Meany,John Irving,4.23,0552135399,9780552135399,eng,637,246360,10275
7784,The Lorax,Dr. Seuss,4.35,0679889108,9780679889106,eng,72,245819,3368
7082,Do Androids Dream of Electric Sheep?,Philip K. Dick-Roger Zelazny,4.08,0345404475,9780345404473,eng,244,243785,7566
4069,Man's Search for Meaning,Viktor E. Frankl-Harold S. Kushner-William J. Winslade-Isle Lasch,4.36,080701429X,9780807014295,eng,165,242691,11714
350,Stranger in a Strange Land,Robert A. Heinlein,3.92,0441788386,9780441788385,eng,528,241727,5985
41899,Fantastic Beasts and Where to Find Them,Newt Scamander-J.K. Rowling-Albus Dumbledore,3.99,0439321603,9780439321600,eng,128,240268,5219
13,The Ultimate Hitchhiker's Guide to the Galaxy,Douglas Adams,4.38,0345453743,9780345453747,eng,815,240189,3954
24192,The Runaway Jury,John Grisham,3.97,0385339690,9780385339698,eng,358,239779,1617
10916,The Pact,Jodi Picoult,4.01,0061150142,9780061150142,eng,512,237587,8741
45032,Mansfield Park,Jane Austen-Kathryn Sutherland,3.85,0141439807,9780141439808,eng,507,234760,6089
11138,Mere Christianity,C.S. Lewis,4.32,0684823780,9780684823782,eng,191,233819,5696
9717,The Unbearable Lightness of Being,Milan Kundera-Michael Henry Heim,4.09,0571224385,9780571224388,eng,320,233448,7827
3008,A Little Princess,Frances Hodgson Burnett-Nancy Bond,4.19,0142437018,9780142437018,eng,242,232387,4144
47212,Storm Front (The Dresden Files  #1),Jim Butcher,4.01,0451457811,9780451457813,en-US,322,231728,11362
40440,The Thirteenth Tale,Diane Setterfield,3.96,0743298020,9780743298025,eng,406,231609,18267
12220,A Streetcar Named Desire,Tennessee Williams,3.98,0822210894,9780822210894,eng,107,229601,2297
21,A Short History of Nearly Everything,Bill Bryson-William Roberts,4.2,076790818X,9780767908184,eng,544,228522,8840
11297,Norwegian Wood,Haruki Murakami-Jay Rubin,4.03,0375704027,9780375704024,eng,296,227040,11194
33722,The Undomestic Goddess,Sophie Kinsella,3.83,0385338694,9780385338691,eng,404,225988,6427
34497,The Color of Magic (Discworld  #1; Rincewind  #1),Terry Pratchett,3.99,0060855924,9780060855925,eng,228,225981,4216
5805,V for Vendetta,Alan Moore-David   Lloyd,4.25,1401207928,9781401207922,eng,296,225590,3844
41804,I  Robot (Robot  #0.1),Isaac Asimov,4.19,0553803700,9780553803709,eng,224,225145,3913
28877,Red Dragon (Hannibal Lecter  #1),Thomas  Harris,4.03,0525945563,9780525945567,eng,348,223480,3029
14995,Odd Thomas (Odd Thomas  #1),Dean Koontz,3.96,0553384287,9780553384284,eng,446,221395,6103
5168,Where the Heart Is,Billie Letts,4.01,0446672211,9780446672214,eng,376,220846,3320
18122,The Amber Spyglass (His Dark Materials  #3),Philip Pullman,4.09,0440238153,9780440238157,eng,467,219303,5652
4138,Naked,David Sedaris,4.09,0316777730,9780316777735,eng,304,216173,5081
1842,Guns  Germs  and Steel: The Fates of Human Societies,Jared Diamond,4.02,0739467352,9780739467350,eng,425,215744,7775
10534,The Art of War,Sun Tzu-Thomas Cleary,3.97,1590302257,9781590302255,eng,273,214954,5302
3869,A Brief History of Time,Stephen Hawking,4.16,0553380168,9780553380163,eng,212,214520,5300
343,Perfume: The Story of a Murderer,Patrick Süskind-John E. Woods,4.02,0140120831,9780140120837,eng,263,212561,7070
929,Memoirs of a Geisha,Arthur Golden,4.1,1400096898,9781400096893,eng,503,211763,3015
10176,Dress Your Family in Corduroy and Denim,David Sedaris,4.1,0965904830,9780965904834,eng,272,211616,4988
5826,Bel Canto,Ann Patchett,3.93,0060838728,9780060838720,eng,352,211515,12546
29044,The Secret History,Donna Tartt,4.09,1400031702,9781400031702,eng,559,210713,14195
38980,The Princess Diaries (The Princess Diaries  #1),Meg Cabot,3.78,0613371658,9780613371650,eng,283,210665,3988
10799,A Farewell to Arms,Ernest Hemingway,3.8,0099910101,9780099910107,eng,293,210197,6087
46799,Go Ask Alice,Beatrice Sparks-Anonymous,3.76,1416914633,9781416914631,eng,213,209572,9174
37415,Their Eyes Were Watching God,Zora Neale Hurston,3.9,0061120065,9780061120060,eng,219,209110,8919
5364,Dragonfly in Amber (Outlander  #2),Diana Gabaldon,4.32,0385335970,9780385335973,eng,743,208928,10733
24768,Pretties (Uglies  #2),Scott Westerfeld,3.85,0689865392,9780689865398,eng,370,206325,8796
378,The Phantom Tollbooth,Norton Juster-Jules Feiffer,4.21,0394820371,9780394820378,en-US,256,206193,8290
4929,Kafka on the Shore,Haruki Murakami-Philip Gabriel,4.13,1400079276,9781400079278,eng,467,206089,11396
33917,The Namesake,Jhumpa Lahiri,3.98,0618485228,9780618485222,eng,291,203953,9928
15196,Maus I: A Survivor's Tale: My Father Bleeds History (Maus  #1),Art Spiegelman,4.34,0394541553,9780394541556,eng,159,202242,4831
10920,Cold Mountain,Charles Frazier,3.85,0802142842,9780802142849,eng,356,201921,4860
656,War and Peace,Leo Tolstoy-Henry Gifford-Aylmer Maude-Louise Maude,4.11,0192833987,9780192833983,eng,1392,201919,5903
10692,The Historian,Elizabeth Kostova,3.78,0751537284,9780751537284,eng,704,200734,11952
7061,The No. 1 Ladies' Detective Agency,Alexander McCall Smith,3.77,1400034779,9781400034772,eng,235,200338,9159
3685,Black Beauty,Anna Sewell-Ian Andrew,3.95,0439228905,9780439228909,eng,245,200260,3151
34268,Peter Pan,J.M. Barrie-Michael Hague,4.08,0805072454,9780805072457,eng,176,199665,5191
2932,Robinson Crusoe,Daniel Defoe-Gerald McCann-Virginia Woolf,3.67,0375757325,9780375757327,eng,320,198677,3809
11566,The Green Mile,Stephen King,4.44,0451933028,9780451933027,eng,592,197440,4222
3478,Message in a Bottle,Nicholas Sparks,3.96,0446676071,9780446676076,eng,342,197377,3431
43889,Wizard's First Rule (Sword of Truth  #1),Terry Goodkind,4.14,0765346524,9780765346520,eng,836,197049,4854
1241,A Million Little Pieces,James Frey,3.63,0307276902,9780307276902,eng,432,195863,10669
1078,The Good Earth (House of Earth  #1),Pearl S. Buck,3.98,1416500189,9781416500186,eng,418,195372,7481
8337,Little House in the Big Woods (Little House  #1),Laura Ingalls Wilder-Garth Williams,4.18,0060885378,9780060885373,eng,198,193862,3264
4980,Breakfast of Champions,Kurt Vonnegut,4.08,0385334206,9780385334204,eng,303,193395,5057
28676,American Psycho,Bret Easton Ellis,3.82,0679735771,9780679735779,eng,399,193100,7599
7670,The Andromeda Strain (Andromeda #1),Michael Crichton,3.89,0060541814,9780060541811,eng,327,192637,2571
9777,The God of Small Things,Arundhati Roy,3.93,0679457313,9780679457312,eng,340,190147,9326
10987,Voyager (Outlander  #3),Diana Gabaldon,4.39,0385335997,9780385335997,eng,870,188662,7865
12957,Much Ado About Nothing,William Shakespeare-Barbara A. Mowat-Paul Werstine-Robert          Jackson-Gail Kern Paster,4.06,0743482751,9780743482752,eng,246,188046,2429
830,Snow Crash,Neal Stephenson,4.03,0553380958,9780553380958,eng,438,187493,6601
1097,Fast Food Nation: The Dark Side of the All-American Meal,Eric Schlosser,3.74,0060838582,9780060838584,eng,399,187311,4923
14743,The God Delusion,Richard Dawkins,3.9,0618680004,9780618680009,eng,374,187183,6070
10956,The Virgin Suicides,Jeffrey Eugenides,3.84,0747560595,9780747560593,eng,250,186851,6064
42155,Something Blue (Darcy & Rachel  #2),Emily Giffin,3.93,0312323867,9780312323868,en-US,338,186552,6530
7733,Gulliver's Travels,Jonathan Swift-Robert DeMaria Jr.,3.56,0141439491,9780141439495,eng,306,185945,3273
10603,Cujo,Stephen King,3.7,0307348245,9780307348241,spa,432,185847,2537
6534,Postmortem (Kay Scarpetta  #1),Patricia Daniels Cornwell-Patricia Cornwell,4.02,0743477154,9780743477154,eng,342,185486,2015
22328,Neuromancer (Sprawl  #1),William Gibson,3.89,0441569595,9780441569595,eng,271,185418,5313
3682,A Great and Terrible Beauty (Gemma Doyle #1),Libba Bray,3.79,0689875347,9780689875342,eng,403,184607,8122
13152,The Angel Experiment (Maximum Ride  #1),James Patterson,4.08,0446617792,9780446617796,eng,413,184133,7559
8909,The War of the Worlds,H.G. Wells-Arthur C. Clarke,3.81,0375759239,9780375759239,eng,192,183750,4114
1295,The Clan of the Cave Bear (Earth's Children  #1),Jean M. Auel,4.04,0553381679,9780553381672,eng,512,183361,4406
2175,Madame Bovary,Gustave Flaubert-Malcolm Bowie-Margaret Mauldon-Tomás de C.  Duran-Mark Overstall-Victor Villarraza,3.66,0192840398,9780192840394,eng,329,183254,5640
7967,Speaker for the Dead (Ender's Saga  #2),Orson Scott Card,4.06,0812550757,9780812550757,eng,382,182235,6426
13642,A Wizard of Earthsea (Earthsea Cycle  #1),Ursula K. Le Guin,4.0,0553383043,9780553383041,eng,183,182174,5439
27523,Left Behind (Left Behind  #1),Tim LaHaye-Jerry B. Jenkins,3.83,0842342702,9780842342704,eng,342,181922,3216
28862,The Prince,Niccolò Machiavelli-Rufus Goodwin-Benjamin Martinez,3.8,0937832383,9780937832387,eng,140,180901,4005
16343,The Mysterious Affair at Styles (Hercule Poirot  #1),Agatha Christie,3.99,0646418432,9780646418438,eng,121,180757,3440
19321,The Tale of Peter Rabbit (Rabbit Ears),Beatrix Potter-طاهره آدینه پور,4.17,0723247706,9780723247708,eng,72,180490,1478
12873,Rebecca,Daphne du Maurier-Sally Beauman,4.22,1844080382,9781844080380,en-US,441,179051,8061
8921,The Hound of the Baskervilles (Sherlock Holmes  #5),Arthur Conan Doyle-Anne Perry-Maria Buitoni Duca-Sidney Paget,4.1,0451528018,9780451528018,eng,256,178632,4441
7069,The World According to Garp,John Irving,4.08,0345915593,9780345915597,eng,610,178515,3833
2784,Ways of Seeing,John Berger,3.78,0140135154,9780140135152,eng,176,177890,998
4934,The Brothers Karamazov,Fyodor Dostoyevsky-Richard Pevear-Larissa Volokhonsky,4.32,0374528373,9780374528379,eng,796,177444,6370
11422,Redeeming Love,Francine Rivers,4.49,1590525132,9781590525135,eng,464,176881,9453
46756,Oryx and Crake (MaddAddam  #1),Margaret Atwood,4.01,0385721676,9780385721677,eng,389,176663,9832
23919,The Complete Stories and Poems,Edgar Allan Poe,4.38,0385074077,9780385074070,eng,821,174162,1179
16735,The Prince of Tides,Pat Conroy,4.24,0553381547,9780553381542,eng,679,173886,3342
19380,Candide,Voltaire,3.76,0486266893,9780486266893,eng,129,172319,4526
34897,The Dragon Reborn (Wheel of Time  #3),Robert Jordan,4.25,0765305119,9780765305114,eng,624,171922,2398
5148,A Separate Peace,John Knowles,3.57,0743253973,9780743253970,eng,208,169719,5964
33313,Kitchen Confidential: Adventures in the Culinary Underbelly,Anthony Bourdain,4.06,0060899220,9780060899226,eng,312,168706,8782
10629,Christine,Stephen King-Marie Milpois,3.76,2253147699,9782253147695,fre,411,168523,1911
2547,The Prophet,Kahlil Gibran-جبران خليل جبران,4.23,000100039X,9780001000391,eng,127,167189,4996
14942,Mrs. Dalloway,Virginia Woolf-Maureen Howard,3.79,0151009988,9780151009985,eng,194,167000,5188
29059,Choke,Chuck Palahniuk,3.69,0385720920,9780385720922,eng,293,165418,5063
32682,Patriot Games (Jack Ryan  #1; Jack Ryan Universe  #2),Tom Clancy,4.13,0425134350,9780425134351,eng,503,164306,904
10567,Cell,Stephen King,3.65,1416524517,9781416524519,eng,449,163786,4231
5094,The Drawing of the Three (The Dark Tower  #2),Stephen King,4.23,0451210859,9780451210852,eng,463,163647,4846
13615,Death Note  Vol. 1: Boredom (Death Note  #1),Tsugumi Ohba-Pookie Rolf-Takeshi Obata,4.43,1421501686,9781421501680,eng,195,163578,2809
1869,Nickel and Dimed: On (Not) Getting by in America,Barbara Ehrenreich,3.62,0805063897,9780805063899,eng,240,163279,5673
5113,Franny and Zooey,J.D. Salinger,3.98,0316769029,9780316769020,eng,201,162510,4805
37732,Are You There God? It's Me  Margaret,Judy Blume,3.9,0689841582,9780689841583,eng,149,162497,4672
7669,Timeline,Michael Crichton,3.84,0099244721,9780099244721,eng,489,161774,3258
3985,The Amazing Adventures of Kavalier & Clay,Michael Chabon,4.17,0312282990,9780312282998,eng,639,161137,8971
22205,This Lullaby,Sarah Dessen,4.03,0142501557,9780142501559,eng,345,161054,4396
2696,The Canterbury Tales,Geoffrey Chaucer-Nevill Coghill,3.49,0140424385,9780140424386,eng,504,161011,2251
10569,On Writing: A Memoir of the Craft,Stephen King,4.33,0743455967,9780743455961,eng,320,160056,10972
46677,Alexander and the Terrible  Horrible  No Good  Very Bad Day,Judith Viorst-Ray Cruz,4.22,0689711735,9780689711732,eng,32,159680,2466
8694,Life  the Universe and Everything (Hitchhiker's Guide to the Galaxy  #3),Douglas Adams,4.2,0345418905,9780345418906,eng,224,158946,2036
15769,The Bourne Supremacy (Jason Bourne  #2),Robert Ludlum,4.11,0752863886,9780752863887,eng,688,158859,866
23754,Preludes & Nocturnes (The Sandman  #1),Neil Gaiman-Sam Kieth-Mike Dringenberg-Malcolm Jones III-Todd Klein-Karen  Berger,4.25,1563892278,9781563892271,eng,233,158629,3543
1067,1776,David McCullough,4.07,0743226720,9780743226721,eng,386,158126,6034
17690,The Trial,Franz Kafka-Willa Muir-Edwin Muir-Max Brod,3.98,0099428644,9780099428640,eng,255,158037,3472
629,Zen and the Art of Motorcycle Maintenance: An Inquiry Into Values,Robert M. Pirsig,3.77,0060589469,9780060589462,eng,540,157734,6101
17214,Starship Troopers,Robert A. Heinlein,4.0,0441783589,9780441783588,eng,335,157228,3765
2767,A People's History of the United States,Howard Zinn,4.08,0060838655,9780060838652,eng,729,156036,4511
11275,The Wind-Up Bird Chronicle,Haruki Murakami-Jay Rubin,4.17,0965341984,9780965341981,eng,607,155967,8928
7332,The Silmarillion (Middle-Earth Universe),J.R.R. Tolkien-Christopher Tolkien-Ted Nasmith,3.91,0618391118,9780618391110,eng,386,155132,4482
3980,From the Mixed-Up Files of Mrs. Basil E. Frankweiler,E.L. Konigsburg,4.15,0744583276,9780744583274,eng,178,154761,5057
4953,A Heartbreaking Work of Staggering Genius,Dave Eggers,3.68,0375725784,9780375725784,eng,485,154166,8473
2744,Anansi Boys,Neil Gaiman,4.02,0060515198,9780060515195,eng,387,153485,6986
5308,The Pearl,John Steinbeck,3.45,0142000698,9780142000694,eng,96,153111,5853
43814,The Vampire Lestat (The Vampire Chronicles  #2),Anne Rice,4.07,0345476883,9780345476883,eng,481,152168,2652
35729,Lover Eternal (Black Dagger Brotherhood  #2),J.R. Ward,4.35,0451218043,9780451218049,eng,441,152091,5181
3462,The Rescue,Nicholas Sparks,4.1,0446696129,9780446696128,eng,352,151617,3058
14201,Jonathan Strange & Mr Norrell,Susanna Clarke,3.82,0765356155,9780765356154,eng,1006,151294,9162
93,Heidi,Johanna Spyri-Beverly Cleary-Angelo  Rinaldi,3.98,0753454947,9780753454947,eng,352,150657,2175
3836,Don Quixote,Miguel de Cervantes Saavedra-Roberto González Echevarría-John Rutherford-Ernani Ssó,3.87,0142437239,9780142437230,eng,1023,150559,3770
29800,Scott Pilgrim  Volume 1: Scott Pilgrim's Precious Little Life,Bryan Lee O'Malley,4.16,1932664084,9781932664089,eng,168,149508,3130
6294,Howl's Moving Castle (Howl's Moving Castle  #1),Diana Wynne Jones,4.3,006441034X,9780064410342,eng,329,148957,8340
12938,King Lear,William Shakespeare,3.9,074348276X,9780743482769,eng,316,148902,2663
24765,Specials (Uglies  #3),Scott Westerfeld,3.77,0689865406,9780689865404,eng,384,148339,6668
10589,Bag of Bones,Stephen King,3.89,067102423X,9780671024239,eng,736,147964,2836
3109,The Omnivore's Dilemma: A Natural History of Four Meals,Michael Pollan,4.18,1594200823,9781594200823,eng,450,147893,10334
10605,Thinner,Richard Bachman-Stephen King,3.7,0451190750,9780451190758,eng,320,147510,1394
5349,The Rainmaker,John Grisham,3.93,0385339607,9780385339605,eng,419,146553,1414
12898,Death of a Salesman,Arthur  Miller,3.5,0435233076,9780435233075,eng,117,146272,2858
11573,The Dead Zone,Stephen King,3.92,0451155750,9780451155757,eng,402,145883,2279
15925,The Guardian,Nicholas Sparks,4.15,0446696110,9780446696111,eng,400,144654,4103
32145,Stiff: The Curious Lives of Human Cadavers,Mary Roach,4.06,0393324826,9780393324822,eng,303,144610,11109
16304,Murder on the Orient Express (Hercule Poirot  #10),Agatha Christie,4.16,0425200450,9780425200452,eng,322,144452,5688
5659,The Wind in the Willows,Kenneth Grahame-Gillian Avery,3.99,0143039091,9780143039099,eng,256,142146,3269
42900,Lover Awakened (Black Dagger Brotherhood  #3),J.R. Ward,4.45,0451219368,9780451219367,eng,448,141779,5591
43015,A Long Way Gone: Memoirs of a Boy Soldier,Ishmael Beah,4.15,0374105235,9780374105235,eng,229,141381,9284
10988,Drums of Autumn (Outlander  #4),Diana Gabaldon,4.35,0385335989,9780385335980,eng,880,140945,5450
6708,The Power of Now: A Guide to Spiritual Enlightenment,Eckhart Tolle,4.13,1577314808,9781577314806,eng,229,140443,6245
7672,Congo,Michael Crichton,3.58,0060541830,9780060541835,eng,442,140223,1468
19302,Pippi Longstocking,Astrid Lindgren-Florence Lamborn-Louis S. Glanzman,4.12,0142402494,9780142402498,eng,160,140107,2411
5472,Animal Farm / 1984,George Orwell-Christopher Hitchens,4.28,0151010269,9780151010264,eng,400,140015,1493
14864,Plain Truth,Jodi Picoult,3.97,0743275012,9780743275019,eng,405,139141,5642
34084,The Waste Lands (The Dark Tower  #3),Stephen King-Ned Dameron,4.24,0670032565,9780670032563,eng,422,138227,3214
15926,Nights in Rodanthe,Nicholas Sparks,3.83,0446612707,9780553813951,eng,222,137905,3499
9539,The Shadow Rising (Wheel of Time  #4),Robert Jordan,4.23,0812513738,9780812513738,eng,1007,137790,2209
2880,Bleach  Volume 01,Tite Kubo,4.22,1591164419,9781591164418,eng,200,136795,1011
42149,Baby Proof,Emily Giffin,3.71,0312348649,9780312348649,eng,340,136644,3070
30597,The Hunchback of Notre-Dame,Victor Hugo-Walter J. Cobb,3.99,0451527887,9780451527882,eng,510,136349,2406
33507,Twenty Thousand Leagues Under the Sea (Extraordinary Voyages  #6),Jules Verne-Anthony Bonner,3.88,076072850X,9780760728505,eng,394,135778,2925
9516,Persepolis: The Story of a Childhood (Persepolis  #1),Marjane Satrapi-Mattias Ripa,4.24,037571457X,9780375714573,eng,153,135456,7571
47021,The Taming of the Shrew,William Shakespeare-Chris Abraham-Barry Avrich,3.8,074347757X,9780743477574,eng,291,135053,2133
37190,The Tale of Despereaux,Kate DiCamillo-Timothy Basil Ering,4.03,0763625299,9780763625290,eng,267,134961,8189
1554,Oedipus Rex  (The Theban Plays  #1),Sophocles-J.E. Thomas,3.69,1580495931,9781580495936,eng,75,134960,1646
902,The Westing Game,Ellen Raskin,4.02,014240120X,9780142401200,eng,182,134362,8278
45107,Assassin's Apprentice (Farseer Trilogy  #1),Robin Hobb,4.15,0006480098,9780006480099,eng,460,133972,3844
1625,Twelfth Night,William Shakespeare,3.98,0743482778,9780743482776,eng,220,133832,2321
13747,Julie and Julia: 365 Days  524 Recipes  1 Tiny Apartment Kitchen,Julie Powell,3.7,031610969X,9780316109697,eng,310,133643,5797
13006,Julius Caesar,William Shakespeare-Roma Gill-فرنگیس شادمان,3.67,0198320272,9780198320272,eng,128,133575,2519
16181,The Constant Princess (The Plantagenet and Tudor Novels  #6),Philippa Gregory,3.89,0743272498,9780743272490,eng,390,133277,3839
9328,The House of the Spirits,Isabel Allende-Magda Bogin,4.22,0553383809,9780553383805,eng,448,133127,4334
2373,The Bone Collector (Lincoln Rhyme  #1),Jeffery Deaver,4.19,0451188454,9780451188458,eng,528,132188,1636
11570,Dreamcatcher,Stephen King-William Olivier Desmond-Maria Teresa Marenco,3.62,2226131906,9782226131904,fre,688,130976,1505
28881,Lamb: The Gospel According to Biff  Christ's Childhood Pal,Christopher Moore,4.26,0380813815,9780380813810,eng,444,130754,10223
24128,The Merchant of Venice,William Shakespeare-Robert          Jackson-Barbara A. Mowat-Paul Werstine,3.8,0743477561,9780743477567,eng,237,130122,2236
21686,Shutter Island,Dennis Lehane,4.09,038073186X,9780380731862,eng,369,128927,6125
3805,The Corrections,Jonathan Franzen,3.79,1841156736,9781841156736,eng,653,128702,7314
9532,Ender's Shadow (The Shadow Series  #1),Orson Scott Card,4.31,0765342405,9780765342409,eng,469,128211,4147
7494,Suzanne's Diary for Nicholas,James Patterson,4.16,0446611085,9780446611084,eng,289,128191,4174
12936,Gathering Blue,Lois Lowry,3.81,0385732562,9780385732567,eng,240,127855,9094
30289,The Republic,Plato-Desmond Lee,3.93,0140449140,9780140449143,eng,416,127393,1871
10847,Under the Banner of Heaven: A Story of Violent Faith,Jon Krakauer,3.99,0330419129,9780330419123,eng,369,126672,8179
5439,Interpreter of Maladies,Jhumpa Lahiri,4.14,0618101365,9780618101368,eng,198,126443,7604
1431,Veronika Decides to Die,Paulo Coelho-Margaret Jull Costa,3.7,0061124265,9780061124266,eng,210,126224,5201
1274,Men Are from Mars  Women Are from Venus,John Gray,3.54,0060574216,9780060574215,eng,368,126108,3115
6427,Two for the Dough (Stephanie Plum  #2),Janet Evanovich,4.11,0140255559,9780140255553,eng,326,125313,3329
2199,Team of Rivals: The Political Genius of Abraham Lincoln,Doris Kearns Goodwin,4.28,0743270754,9780743270755,eng,916,125020,5912
10959,Sophie's World,Jostein Gaarder-Paulette Møller,3.91,1857993284,9781857993288,eng,403,124543,4823
3466,The Wedding (The Notebook  #2),Nicholas Sparks,3.98,0446615862,9780446615860,eng,276,124127,5221
3463,A Bend in the Road,Nicholas Sparks,4.03,0446696137,9780446696135,eng,341,123319,3173
5479,Brave New World / Brave New World Revisited,Aldous Huxley-Christopher Hitchens,4.16,0060776099,9780060776091,eng,340,123044,988
5096,Wizard and Glass (The Dark Tower  #4),Stephen King-Dave McKean,4.25,0340829788,9780340829783,eng,845,122796,3396
43448,Flowers in the Attic (Dollanganger  #1),V.C. Andrews,3.8,0743496310,9780743496315,eng,389,122524,5367
11337,The Bluest Eye,Toni Morrison,4.01,0452287065,9780452287068,eng,216,121960,4679
6854,Three to Get Deadly (Stephanie Plum  #3),Janet Evanovich,4.15,0312966091,9780312966096,eng,344,121709,2835
9742,The Audacity of Hope: Thoughts on Reclaiming the American Dream,Barack Obama,3.73,0307237699,9780307237699,en-US,375,121607,4379
16902,Walden,Henry David Thoreau,3.79,0691096120,9780691096124,eng,352,121540,3386
39662,Different Seasons,Stephen King,4.35,0751514624,9780751514629,eng,560,121420,1914
10967,The Fiery Cross (Outlander  #5),Diana Gabaldon,4.27,0440221668,9780440221661,eng,1443,120981,4947
4978,Wolves of the Calla (The Dark Tower  #5),Stephen King-Bernie Wrightson,4.19,141651693X,9781416516934,eng,931,120906,2640
27712,The Neverending Story,Michael Ende-Ralph Manheim-Roswitha Quadflieg,4.18,0525457585,9780525457589,eng,396,120667,3452
3087,A Room with a View,E.M. Forster,3.9,1420925431,9781420925432,eng,119,120061,3224
29581,Foundation and Empire (Foundation #2),Isaac Asimov-Sönmez Güven,4.22,0553803727,9780553803723,eng,256,120046,1897
37741,Tales of a Fourth Grade Nothing (Fudge  #1),Judy Blume,4.1,0425193799,9780425193792,eng,144,119927,2029
40024,The Alienist (Dr. Laszlo Kreizler  #1),Caleb Carr,4.06,0812976142,9780812976144,eng,498,119839,5295
10628,Night Shift,Stephen King-John D. MacDonald,3.99,0450042685,9780450042683,eng,409,119820,1604
32508,The Black Echo (Harry Bosch  #1; Harry Bosch Universe  #1),Michael Connelly,4.1,0446612731,9780446612739,eng,482,119217,3019
43758,The Queen of the Damned (The Vampire Chronicles  #3),Anne Rice,3.88,0345419626,9780345419620,eng,448,118857,1644
30868,The Bean Trees (Greer Family  #1),Barbara Kingsolver,3.96,0812474945,9780812474947,eng,232,117003,5141
11149,The Screwtape Letters,C.S. Lewis,4.22,0060652896,9780060652890,eng,224,116735,4760
32669,Clear and Present Danger (Jack Ryan Universe  #6),Tom Clancy,4.1,0425144372,9780425144374,eng,688,116535,576
4965,Year of Wonders,Geraldine Brooks,4.01,0142001430,9780142001431,eng,358,115677,8261
8648,Xenocide (Ender's Saga  #3),Orson Scott Card-Piotr W. Cholewa,3.79,0312861877,9780312861872,eng,592,115661,3038
21326,Fables  Vol. 1: Legends in Exile,Bill Willingham-Terry Moore-Mike Allred-Lan Medina-Mark Buckingham-Matthew Sturges-Steve Leialoha-Craig Hamilton-Russ Braun-James Jean-Tony Akins-Eric Shanower-Shawn McManus-Jae Lee-Chrissie Zullo-David Petersen,3.97,1563899426,9781563899423,eng,128,115639,2779
7354,The Shipping News,Annie Proulx,3.85,0743225422,9780743225427,eng,337,114923,3787
1430,Eleven Minutes,Paulo Coelho-Margaret Jull Costa,3.69,0060589280,9780060589288,eng,273,114826,4731
8073,Cloudy With a Chance of Meatballs,Judi Barrett-Ron Barrett,4.16,0689707495,9780689707490,eng,32,114747,1948
6422,Four to Score (Stephanie Plum  #4),Janet Evanovich,4.17,0312966970,9780312966973,eng,313,114593,2450
12497,No Country for Old Men,Cormac McCarthy,4.13,0375706674,9780375706677,eng,309,114408,5872
30120,Falling Up,Shel Silverstein,4.34,0060513098,9780060513092,eng,178,114058,1341
16331,Murder at the Vicarage (Miss Marple #1),Agatha Christie,4.05,1579126251,9781579126254,eng,288,113459,1976
10585,Insomnia,Stephen King-Bettina Blanch Tyroller,3.81,8497597729,9788497597722,spa,890,113304,1873
43035,White Fang,Jack London,3.96,0439236193,9780439236195,eng,252,113232,2945
30281,Guilty Pleasures (Anita Blake  Vampire Hunter  #1),Laurell K. Hamilton,4.02,0425197549,9780425197547,eng,355,112848,3957
7815,The Year of Magical Thinking,Joan Didion,3.88,1400078431,9781400078431,eng,227,112599,8270
44186,The Monster at the End of this Book,Jon Stone-Michael J. Smollin,4.44,037582913X,9780375829130,eng,32,112374,2499
44652,Fablehaven (Fablehaven  #1),Brandon Mull,4.09,1590385810,9781590385814,eng,351,111896,8537
13912,A Beautiful Mind,Sylvia Nasar,4.13,0571212921,9780571212927,eng,461,111633,978
15197,Maus II: A Survivor's Tale: And Here My Troubles Began (Maus  #2),Art Spiegelman,4.39,0679729771,9780679729778,eng,144,111555,2664
29580,Second Foundation (Foundation #3),Isaac Asimov,4.25,0553803735,9780553803730,eng,256,111510,1596
32692,Gerald's Game,Stephen King,3.5,0831727527,9780831727529,eng,332,110879,2514
4009,Nine Stories,J.D. Salinger,4.19,0316767727,9780316767729,eng,198,110786,2817
5161,The Deep End of the Ocean (Cappadora Family  #1),Jacquelyn Mitchard,3.86,0140286276,9780140286274,eng,464,110552,997
10929,For One More Day,Mitch Albom,4.1,1401303277,9781401303273,eng,197,110140,6625
5355,The Chamber,John Grisham,3.78,0385339666,9780385339667,eng,632,109897,1285
19089,Middlemarch,George Eliot-Michel Faber,3.95,0451529170,9780451529176,eng,904,109685,4379
152,Anna Karenina,Leo Tolstoy-David Magarshack-Priscilla Meyer,4.04,0451528611,9780451528612,eng,960,108970,5694
9420,Shopaholic & Baby (Shopaholic  #5),Sophie Kinsella,3.79,0385338708,9780385338707,eng,359,108789,2041
5211,A Fine Balance,Rohinton Mistry,4.36,140003065X,9781400030651,eng,603,108208,7248
15997,Paradise Lost,John Milton-John      Leonard,3.81,0140424393,9780140424393,eng,453,107568,2424
11899,The Hours,Michael Cunningham,3.93,0312305060,9780312305062,eng,230,107519,3525
3867,The History of Love,Nicole Krauss,3.92,0393328627,9780393328622,eng,255,107024,9640
41681,The Jungle,Upton Sinclair-Earl Lee-Kathleen DeGrave,3.73,1884365302,9781884365300,eng,335,106675,3993
667,Anthem,Ayn Rand,3.63,0452281253,9780452281257,eng,105,106642,6951
4271,About a Boy,Nick Hornby,3.8,0140285679,9780140285673,eng,307,106510,2124
19057,I Am the Messenger,Markus Zusak,4.08,0375836675,9780375836671,eng,357,106498,11074
13895,The Fires of Heaven (Wheel of Time  #5),Robert Jordan,4.15,1857232097,9781857232097,eng,912,106302,1503
6858,Hot Six (Stephanie Plum  #6),Janet Evanovich,4.19,0312976275,9780312976279,eng,336,106282,2036
10909,The Tenth Circle,Jodi Picoult,3.49,074349671X,9780743496711,eng,416,106201,4970
2526,Blindness,José Saramago-Giovanni Pontiero,4.11,0156007754,9780156007757,eng,326,106162,7807
5544,Surely You're Joking  Mr. Feynman!: Adventures of a Curious Character,Richard Feynman,4.28,0393316041,9780393316049,eng,391,105685,3613
12555,The Bonesetter's Daughter,Amy Tan,3.98,0345457374,9780345457370,eng,368,105432,2599
21671,Mystic River,Dennis Lehane,4.18,0060584750,9780060584757,eng,416,105317,2735
11597,The Dark Half,Stephen King,3.76,045052468X,9780450524684,eng,469,105027,1186
5890,The Woman in White,Wilkie Collins-Matthew Sweet,3.99,0141439610,9780141439617,eng,672,104614,4931
42898,Lover Revealed (Black Dagger Brotherhood  #4),J.R. Ward,4.3,0451412354,9780451412355,eng,455,104180,3616
870,Fullmetal Alchemist  Vol. 1 (Fullmetal Alchemist  #1),Hiromu Arakawa-Akira Watanabe,4.49,1591169208,9781591169208,eng,192,103978,1326
34507,Equal Rites (Discworld  #3; Witches  #1),Terry Pratchett,4.02,0060855908,9780060855901,eng,228,103822,2069
32263,The Surgeon (Rizzoli & Isles  #1),Tess Gerritsen,4.1,055381706X,9780553817065,eng,416,103747,2766
21611,The Forever War (The Forever War  #1),Joe Haldeman,4.15,0060510862,9780060510862,eng,278,103375,3780
35231,Lord of Chaos (Wheel of Time  #6),Robert Jordan,4.12,0812513754,9780812513752,eng,1011,102983,1778
43070,The Essential Calvin and Hobbes: A Calvin and Hobbes Treasury,Bill Watterson,4.64,0836218051,9780836218053,eng,256,102955,619
7603,Reading Lolita in Tehran: A Memoir in Books,Azar Nafisi,3.6,081297106X,9780812971064,eng,356,102707,6444
18116,His Dark Materials (His Dark Materials #1-3),Philip Pullman-Peter Bailey,4.26,0440238609,9780440238607,eng,1088,102687,3761
7588,A Portrait of the Artist as a Young Man,James Joyce-Seamus Deane,3.61,0142437344,9780142437346,eng,329,102308,3352
13139,School's Out—Forever (Maximum Ride  #2),James Patterson,4.15,0316155594,9780316155595,eng,409,101968,2684
32829,Journey to the Center of the Earth (Extraordinary Voyages  #3),Jules Verne,3.85,0553213970,9780553213973,eng,240,101764,2353
17184,The Invisible Man,H.G. Wells,3.63,0451528522,9780451528520,eng,192,101659,3563
31463,Far From the Madding Crowd,Thomas Hardy-Rosemarie Morgan-Shannon Russell,3.94,0141439653,9780141439655,eng,433,101129,3605
6424,Seven Up (Stephanie Plum  #7),Janet Evanovich,4.16,0312980140,9780312980146,en-US,337,101029,1776
13890,A Crown of Swords (Wheel of Time  #7),Robert Jordan,4.03,0812550285,9780812550283,eng,880,100910,1459
5797,Vanity Fair,William Makepeace Thackeray-John Carey,3.78,0141439831,9780141439839,eng,867,100384,2174
10965,A Breath of Snow and Ashes (Outlander  #6),Diana Gabaldon,4.44,0385340397,9780385340397,eng,980,100326,3845
15195,The Complete Maus,Art Spiegelman,4.55,0141014083,9780141014081,eng,296,100212,5436
10884,Einstein: His Life and Universe,Walter Isaacson,4.1,0743264738,9780743264730,eng,675,99410,2654
6425,Hard Eight (Stephanie Plum  #8),Janet Evanovich-Lorelei King,4.17,0312983867,9780312983864,eng,326,99289,1834
6423,High Five (Stephanie Plum  #5),Janet Evanovich,4.18,0330371231,9780330371230,eng,336,99172,1746
9418,Shopaholic Takes Manhattan (Shopaholic  #2),Sophie Kinsella,3.76,0440241812,9780440241812,eng,387,97984,2359
33512,One Thousand White Women: The Journals of May Dodd (One Thousand White Women  #1),Jim Fergus,3.88,0312199430,9780312199432,eng,434,97955,7382
2052,The Big Sleep (Philip Marlowe  #1),Raymond Chandler,4.01,0394758285,9780394758282,eng,231,97885,3818
30,J.R.R. Tolkien 4-Book Boxed Set: The Hobbit and The Lord of the Rings,J.R.R. Tolkien,4.59,0345538374,9780345538376,eng,1728,97731,1536
30264,Dead Witch Walking (The Hollows  #1),Kim Harrison,4.04,0060572965,9780060572969,en-US,416,97105,3995
13831,Alanna: The First Adventure (Song of the Lioness  #1),Tamora Pierce,4.27,0689878559,9780689878558,eng,274,96683,3648
106,Dune Messiah (Dune Chronicles #2),Frank Herbert,3.87,0441172695,9780441172696,eng,331,96649,2306
3711,White Teeth,Zadie Smith,3.76,0375703861,9780375703867,eng,448,96220,5370
1633,Getting Things Done: The Art of Stress-Free Productivity,David    Allen,3.99,0142000280,9780142000281,en-GB,267,95950,3597
46306,The Complete Fairy Tales,Hans Christian Andersen-Lily Owens-Arthur Rackham-Hans Richter,4.28,0517092913,9780517092910,eng,803,95929,439
3579,The Complete Anne of Green Gables Boxed Set (Anne of Green Gables  #1-8),L.M. Montgomery,4.43,0553609416,76783609419,eng,2088,95486,1449
16527,Daughter of Fortune,Isabel Allende-Margaret Sayers Peden,3.9,0061120251,9780061120251,eng,432,95447,2657
8650,The Lost World (Jurassic Park #2),Michael Crichton,3.76,0752224417,9780752224411,eng,448,95109,2289
21348,Aesop's Fables,Aesop-Laura Harris-Laura Gibbs,4.05,0192840509,9780192840509,eng,306,95008,901
10883,Benjamin Franklin: An American Life,Walter Isaacson,3.99,074325807X,9780743258074,eng,586,94903,1613
8698,So Long  and Thanks for All the Fish (Hitchhiker's Guide to the Galaxy  #4),Douglas Adams,4.09,0330491237,9780330491235,eng,167,93987,1391
27003,The Eyre Affair (Thursday Next  #1),Jasper Fforde,3.91,0142001805,9780142001806,eng,374,93927,7844
5350,The Partner,John Grisham,3.91,0385339100,9780385339100,eng,416,93917,1814
13440,Skeleton Crew,Stephen King,3.95,0751504386,9780751504385,eng,612,93593,1078
16328,The Murder of Roger Ackroyd (Hercule Poirot  #4),Agatha Christie,4.23,1579126278,9781579126278,eng,288,93453,4962
16631,Steppenwolf,Hermann Hesse-Basil Creighton,4.12,0140282580,9780140282580,eng,256,93199,2123
9419,Shopaholic Ties the Knot (Shopaholic  #3),Sophie Kinsella,3.77,0440241898,9780440241898,eng,407,93132,2049
31456,The Twits,Roald Dahl-Quentin Blake,3.95,0141318309,9780141318301,eng,96,93010,2419
40331,To the Nines (Stephanie Plum  #9),Janet Evanovich,4.17,0747267634,9780747267638,eng,320,92976,1533
4799,Cannery Row,John Steinbeck,4.03,014200068X,9780142000687,eng,181,92582,3681
7214,Blue Like Jazz: Nonreligious Thoughts on Christian Spirituality,Donald Miller,3.91,0785263705,9780785263708,eng,243,92413,3671
47401,Chocolat (Chocolat  #1),Joanne Harris,3.96,014100018X,9780141000183,eng,306,92266,2884
4136,Holidays on Ice,David Sedaris,3.93,0316191299,9780316191296,eng,176,90802,4066
46164,Tender Is the Night,F. Scott Fitzgerald,3.82,068480154X,9780684801544,eng,315,90467,3227
24800,House of Leaves,Mark Z. Danielewski,4.12,038560310X,9780385603102,eng,705,90180,6932
11003,Eleven on Top (Stephanie Plum  #11),Janet Evanovich,4.16,0312985347,9780312985349,eng,321,89961,1689
16690,The Moon is a Harsh Mistress,Robert A. Heinlein,4.17,0340837942,9780340837948,eng,288,89921,2347
29209,The Color of Water: A Black Man's Tribute to His White Mother,James McBride,4.08,1573225789,9781573225786,eng,291,89841,4432
43933,Tell No One,Harlan Coben,4.11,0440236703,9780440236702,eng,370,89615,3812
12930,Messenger,Lois Lowry,3.91,0385732538,9780385732536,eng,169,89571,6445
17150,My Ántonia (Great Plains Trilogy  #3),Willa Cather,3.78,1583485090,9781583485095,eng,232,89067,4484
1005,Think and Grow Rich: The Landmark Bestseller Now Revised and Updated for the 21st Century,Napoleon Hill,4.18,1585424331,9781585424337,eng,320,88437,2305
28195,Inkspell,Cornelia Funke-Anthea Bell,3.92,0439554004,9780439554008,eng,635,88095,3094
33456,A Dirty Job (Grim Reaper  #1),Christopher Moore,4.07,0060590270,9780060590277,en-US,387,88016,5333
5246,Ethan Frome,Edith Wharton,3.38,0142437808,9780142437803,eng,189,87790,3725
17683,Dead Beat (The Dresden Files  #7),Jim Butcher,4.44,045146091X,9780451460912,eng,517,87727,2630
47624,Lirael (Abhorsen  #2),Garth Nix,4.3,0060590165,9780060590161,en-US,464,87623,1828
12505,The Idiot,Fyodor Dostoyevsky-Constance Garnett-Alan Myers-Joseph Frank-Anna Brailovsky,4.18,0679642420,9780679642428,eng,667,87327,2559
